-- phpMyAdmin SQL Dump
-- version 5.2.0
-- https://www.phpmyadmin.net/
--
-- 主機： 127.0.0.1
-- 產生時間： 2025-07-22 11:26:06
-- 伺服器版本： 10.4.27-MariaDB
-- PHP 版本： 8.2.0

SET SQL_MODE = "NO_AUTO_VALUE_ON_ZERO";
START TRANSACTION;
SET time_zone = "+00:00";


/*!40101 SET @OLD_CHARACTER_SET_CLIENT=@@CHARACTER_SET_CLIENT */;
/*!40101 SET @OLD_CHARACTER_SET_RESULTS=@@CHARACTER_SET_RESULTS */;
/*!40101 SET @OLD_COLLATION_CONNECTION=@@COLLATION_CONNECTION */;
/*!40101 SET NAMES utf8mb4 */;

--
-- 資料庫： `topic`
--

-- --------------------------------------------------------

--
-- 資料表結構 `classes`
--

CREATE TABLE `classes` (
  `ClassID` text NOT NULL,
  `Name` text NOT NULL,
  `TeacherID` text NOT NULL
) ENGINE=InnoDB DEFAULT CHARSET=utf8mb4 COLLATE=utf8mb4_general_ci;

--
-- 傾印資料表的資料 `classes`
--

INSERT INTO `classes` (`ClassID`, `Name`, `TeacherID`) VALUES
('00000000', 'test', '10000000'),
('00000001', '123', '10000000'),
('00000002', '1234', '10000000'),
('00000003', 'Java程式設計(113-2)', '10000002'),
('00000004', 'Java程式設計(113-1)', '10000002'),
('00000005', 'Java程式設計(111-2)', '10000002'),
('00000006', 'Java程式設計(112-2)', '10000002'),
('00000007', '113-3 Java暑修', '10000002');

-- --------------------------------------------------------

--
-- 資料表結構 `final`
--

CREATE TABLE `final` (
  `HomeworkID` text NOT NULL,
  `StudentID` text NOT NULL,
  `Score` int(3) NOT NULL
) ENGINE=InnoDB DEFAULT CHARSET=utf8mb4 COLLATE=utf8mb4_general_ci;

--
-- 傾印資料表的資料 `final`
--

INSERT INTO `final` (`HomeworkID`, `StudentID`, `Score`) VALUES
('00000003', '00000002', 92),
('00000003', '00000003', 88),
('00000003', '00000004', 62),
('00000003', '00000005', 65),
('00000003', '00000006', 70),
('00000003', '00000007', 52),
('00000003', '00000008', 77),
('00000003', '00000009', 72),
('00000003', '00000010', 82),
('00000003', '00000011', 87),
('00000003', '00000012', 71),
('00000003', '00000013', 55),
('00000003', '00000014', 77),
('00000003', '00000015', 86),
('00000003', '00000016', 76),
('00000003', '00000017', 63),
('00000003', '00000018', 83),
('00000003', '00000019', 81),
('00000003', '00000020', 65),
('00000003', '00000021', 58),
('00000003', '00000022', 66),
('00000003', '00000023', 70),
('00000003', '00000024', 71),
('00000003', '00000025', 71),
('00000003', '00000026', 83),
('00000003', '00000027', 81),
('00000003', '00000028', 72),
('00000003', '00000029', 71),
('00000003', '00000030', 74),
('00000003', '00000031', 75),
('00000003', '00000032', 83),
('00000003', '00000033', 72),
('00000003', '00000034', 70),
('00000003', '00000035', 75),
('00000003', '00000036', 76),
('00000003', '00000037', 81),
('00000003', '00000038', 66),
('00000003', '00000039', 72),
('00000003', '00000040', 44),
('00000003', '00000041', 81),
('00000003', '00000042', 83),
('00000003', '00000043', 82),
('00000003', '00000044', 83),
('00000003', '00000045', 79),
('00000003', '00000046', 79),
('00000006', '00000081', 50),
('00000006', '00000082', 70),
('00000006', '00000083', 78),
('00000006', '00000084', 73),
('00000006', '00000085', 47),
('00000006', '00000086', 0),
('00000006', '00000087', 0),
('00000006', '00000088', 0),
('00000006', '00000089', 65),
('00000006', '00000090', 0),
('00000006', '00000091', 0),
('00000006', '00000092', 74),
('00000006', '00000093', 76),
('00000006', '00000094', 0),
('00000006', '00000095', 0),
('00000006', '00000096', 72),
('00000006', '00000097', 0),
('00000006', '00000098', 73),
('00000006', '00000099', 80),
('00000006', '00000100', 75),
('00000006', '00000101', 0),
('00000006', '00000102', 0),
('00000006', '00000103', 77),
('00000006', '00000104', 67),
('00000006', '00000105', 0),
('00000006', '00000106', 80),
('00000006', '00000107', 0),
('00000006', '00000108', 73),
('00000006', '00000109', 0),
('00000006', '00000110', 69),
('00000006', '00000111', 0),
('00000006', '00000112', 73),
('00000006', '00000113', 80),
('00000006', '00000114', 92),
('00000006', '00000115', 84),
('00000006', '00000116', 0),
('00000006', '00000117', 85),
('00000006', '00000118', 71),
('00000006', '00000119', 53),
('00000006', '00000120', 0),
('00000006', '00000121', 67),
('00000006', '00000122', 85),
('00000006', '00000123', 68),
('00000006', '00000124', 61),
('00000006', '00000125', 61),
('00000006', '00000126', 58),
('00000006', '00000127', 59),
('00000006', '00000128', 69),
('00000006', '00000129', 58),
('00000006', '00000130', 81),
('00000006', '00000131', 73),
('00000006', '00000132', 60),
('00000006', '00000133', 82),
('00000006', '00000134', 0),
('00000006', '00000135', 85),
('00000006', '00000136', 86),
('00000006', '00000137', 0),
('00000006', '00000138', 76),
('00000006', '00000139', 77),
('00000006', '00000140', 0),
('00000006', '00000141', 82),
('00000006', '00000142', 73),
('00000006', '00000143', 71),
('00000006', '00000144', 69),
('00000006', '00000145', 83),
('00000006', '00000146', 88),
('00000006', '00000147', 73),
('00000006', '00000002', 55),
('00000006', '00000148', 79),
('00000006', '00000149', 73);

-- --------------------------------------------------------

--
-- 資料表結構 `homeworkslist`
--

CREATE TABLE `homeworkslist` (
  `HomeworkID` text NOT NULL,
  `Deadline` datetime NOT NULL,
  `HomeworkName` text NOT NULL,
  `QuestionSum` int(2) NOT NULL,
  `ClassID` text NOT NULL
) ENGINE=InnoDB DEFAULT CHARSET=utf8mb4 COLLATE=utf8mb4_general_ci;

--
-- 傾印資料表的資料 `homeworkslist`
--

INSERT INTO `homeworkslist` (`HomeworkID`, `Deadline`, `HomeworkName`, `QuestionSum`, `ClassID`) VALUES
('00000000', '2004-01-09 00:00:00', 'test', 1, '00000000'),
('00000001', '2025-05-01 23:21:00', '123', 3, '00000000'),
('00000002', '2025-05-23 14:41:00', '123', 2, '00000002'),
('00000003', '2025-05-26 23:59:00', '20240526', 2, '00000003'),
('00000004', '2025-06-02 14:48:16', '20240927', 2, '00000004'),
('00000005', '2025-06-02 15:44:46', '20241004', 3, '00000004'),
('00000006', '2025-06-02 17:19:31', '20241011', 3, '00000004'),
('00000007', '2025-06-02 18:57:50', '20241018', 4, '00000004'),
('00000008', '2025-06-02 21:47:15', '20240314', 2, '00000005'),
('00000009', '2025-06-02 23:57:17', '20250307', 1, '00000006'),
('00000010', '2025-06-03 00:57:55', '20241025', 2, '00000004'),
('00000011', '2025-06-06 13:25:00', '20250603', 1, '00000004'),
('00000012', '2025-07-22 16:15:00', 'HelloWorld', 1, '00000007'),
('00000013', '2025-07-22 16:15:00', '0722_02_HelloJava', 1, '00000007');

-- --------------------------------------------------------

--
-- 資料表結構 `results`
--

CREATE TABLE `results` (
  `HomeworkID` text NOT NULL,
  `StudentID` text NOT NULL,
  `Question` int(2) NOT NULL,
  `Score` int(3) NOT NULL,
  `LLM` int(1) NOT NULL
) ENGINE=InnoDB DEFAULT CHARSET=utf8mb4 COLLATE=utf8mb4_general_ci;

--
-- 傾印資料表的資料 `results`
--

INSERT INTO `results` (`HomeworkID`, `StudentID`, `Question`, `Score`, `LLM`) VALUES
('00000001', '00000000', 1, 94, 0),
('00000001', '00000000', 1, 90, 1),
('00000001', '00000000', 2, 94, 0),
('00000001', '00000000', 2, 75, 1),
('00000002', '00000000', 1, 98, 0),
('00000002', '00000000', 1, 85, 1),
('00000003', '00000002', 1, 95, 0),
('00000003', '00000002', 1, 80, 1),
('00000003', '00000002', 2, 96, 0),
('00000003', '00000002', 2, 100, 1),
('00000003', '00000003', 1, 88, 0),
('00000003', '00000003', 2, 95, 0),
('00000003', '00000003', 2, 90, 1),
('00000003', '00000003', 1, 80, 1),
('00000003', '00000004', 1, 60, 0),
('00000003', '00000004', 1, 55, 1),
('00000003', '00000004', 2, 65, 0),
('00000003', '00000004', 2, 70, 1),
('00000003', '00000005', 2, 60, 0),
('00000003', '00000005', 2, 60, 1),
('00000003', '00000005', 1, 75, 0),
('00000003', '00000005', 1, 65, 1),
('00000003', '00000006', 1, 67, 0),
('00000003', '00000006', 1, 85, 1),
('00000003', '00000006', 2, 65, 0),
('00000003', '00000006', 2, 65, 1),
('00000003', '00000007', 1, 60, 0),
('00000003', '00000007', 1, 70, 1),
('00000003', '00000007', 2, 58, 0),
('00000003', '00000007', 2, 20, 1),
('00000003', '00000008', 1, 65, 0),
('00000003', '00000008', 1, 80, 1),
('00000003', '00000008', 2, 85, 0),
('00000003', '00000008', 2, 80, 1),
('00000003', '00000009', 1, 65, 0),
('00000003', '00000009', 1, 70, 1),
('00000003', '00000009', 2, 73, 0),
('00000003', '00000009', 2, 80, 1),
('00000003', '00000010', 1, 75, 0),
('00000003', '00000010', 1, 80, 1),
('00000003', '00000010', 2, 88, 0),
('00000003', '00000010', 2, 88, 1),
('00000003', '00000011', 1, 85, 0),
('00000003', '00000011', 1, 80, 1),
('00000003', '00000011', 2, 93, 0),
('00000003', '00000011', 2, 90, 1),
('00000003', '00000012', 1, 80, 0),
('00000003', '00000012', 1, 70, 1),
('00000003', '00000012', 2, 85, 0),
('00000003', '00000012', 2, 50, 1),
('00000003', '00000013', 1, 80, 0),
('00000003', '00000013', 1, 85, 1),
('00000003', '00000013', 2, 35, 0),
('00000003', '00000013', 2, 20, 1),
('00000003', '00000014', 1, 86, 0),
('00000003', '00000014', 1, 85, 1),
('00000003', '00000014', 2, 75, 0),
('00000003', '00000014', 2, 65, 1),
('00000003', '00000015', 1, 83, 0),
('00000003', '00000015', 1, 80, 1),
('00000003', '00000015', 2, 96, 0),
('00000003', '00000015', 2, 85, 1),
('00000003', '00000016', 1, 70, 0),
('00000003', '00000016', 1, 60, 1),
('00000003', '00000016', 2, 91, 0),
('00000003', '00000016', 2, 85, 1),
('00000003', '00000017', 1, 80, 0),
('00000003', '00000017', 1, 75, 1),
('00000003', '00000017', 2, 62, 0),
('00000003', '00000017', 2, 35, 1),
('00000003', '00000018', 1, 78, 0),
('00000003', '00000018', 1, 65, 1),
('00000003', '00000018', 2, 96, 0),
('00000003', '00000018', 2, 95, 1),
('00000003', '00000019', 1, 75, 0),
('00000003', '00000019', 1, 85, 1),
('00000003', '00000019', 2, 85, 0),
('00000003', '00000019', 2, 80, 1),
('00000003', '00000020', 1, 50, 0),
('00000003', '00000020', 1, 40, 1),
('00000003', '00000020', 2, 88, 0),
('00000003', '00000020', 2, 85, 1),
('00000003', '00000021', 1, 96, 0),
('00000003', '00000021', 1, 80, 1),
('00000003', '00000021', 2, 43, 0),
('00000003', '00000021', 2, 15, 1),
('00000003', '00000022', 1, 96, 0),
('00000003', '00000022', 1, 85, 1),
('00000003', '00000022', 2, 60, 0),
('00000003', '00000022', 2, 25, 1),
('00000003', '00000023', 1, 83, 0),
('00000003', '00000023', 1, 70, 1),
('00000003', '00000023', 2, 80, 0),
('00000003', '00000023', 2, 50, 1),
('00000003', '00000024', 1, 75, 0),
('00000003', '00000024', 1, 80, 1),
('00000003', '00000024', 2, 70, 0),
('00000003', '00000024', 2, 60, 1),
('00000003', '00000025', 1, 85, 0),
('00000003', '00000025', 1, 65, 1),
('00000003', '00000025', 2, 75, 0),
('00000003', '00000025', 2, 60, 1),
('00000003', '00000026', 1, 83, 0),
('00000003', '00000026', 1, 85, 1),
('00000003', '00000026', 2, 85, 0),
('00000003', '00000026', 2, 80, 1),
('00000003', '00000027', 1, 80, 0),
('00000003', '00000027', 1, 65, 1),
('00000003', '00000027', 2, 95, 0),
('00000003', '00000027', 2, 85, 1),
('00000003', '00000028', 1, 83, 0),
('00000003', '00000028', 1, 70, 1),
('00000003', '00000028', 2, 87, 0),
('00000003', '00000028', 2, 50, 1),
('00000003', '00000029', 1, 60, 0),
('00000003', '00000029', 1, 65, 1),
('00000003', '00000029', 2, 80, 0),
('00000003', '00000029', 2, 80, 1),
('00000003', '00000030', 1, 94, 0),
('00000003', '00000030', 1, 85, 1),
('00000003', '00000030', 2, 73, 0),
('00000003', '00000030', 2, 45, 1),
('00000003', '00000031', 1, 65, 0),
('00000003', '00000031', 1, 65, 1),
('00000003', '00000031', 2, 91, 0),
('00000003', '00000031', 2, 80, 1),
('00000003', '00000032', 1, 80, 0),
('00000003', '00000032', 1, 80, 1),
('00000003', '00000032', 2, 95, 0),
('00000003', '00000032', 2, 80, 1),
('00000003', '00000033', 1, 60, 0),
('00000003', '00000033', 1, 50, 1),
('00000003', '00000033', 2, 93, 0),
('00000003', '00000033', 2, 85, 1),
('00000003', '00000034', 1, 70, 0),
('00000003', '00000034', 1, 70, 1),
('00000003', '00000034', 2, 65, 0),
('00000003', '00000034', 2, 75, 1),
('00000003', '00000035', 1, 90, 0),
('00000003', '00000035', 1, 80, 1),
('00000003', '00000035', 2, 75, 0),
('00000003', '00000035', 2, 55, 1),
('00000003', '00000036', 1, 80, 0),
('00000003', '00000036', 1, 80, 1),
('00000003', '00000036', 2, 75, 0),
('00000003', '00000036', 2, 70, 1),
('00000003', '00000037', 1, 91, 0),
('00000003', '00000037', 1, 85, 1),
('00000003', '00000037', 2, 85, 0),
('00000003', '00000037', 2, 65, 1),
('00000003', '00000038', 1, 96, 0),
('00000003', '00000038', 1, 85, 1),
('00000003', '00000038', 2, 65, 0),
('00000003', '00000038', 2, 20, 1),
('00000003', '00000039', 1, 98, 0),
('00000003', '00000039', 1, 50, 1),
('00000003', '00000039', 2, 70, 0),
('00000003', '00000039', 2, 70, 1),
('00000003', '00000040', 1, 48, 0),
('00000003', '00000040', 1, 30, 1),
('00000003', '00000040', 2, 60, 0),
('00000003', '00000040', 2, 40, 1),
('00000003', '00000041', 1, 88, 0),
('00000003', '00000041', 1, 73, 1),
('00000003', '00000041', 2, 78, 0),
('00000003', '00000041', 2, 85, 1),
('00000003', '00000042', 1, 94, 0),
('00000003', '00000042', 1, 80, 1),
('00000003', '00000042', 2, 83, 0),
('00000003', '00000042', 2, 75, 1),
('00000003', '00000043', 1, 80, 0),
('00000003', '00000043', 1, 80, 1),
('00000003', '00000043', 2, 85, 0),
('00000003', '00000043', 2, 85, 1),
('00000003', '00000044', 1, 82, 0),
('00000003', '00000044', 1, 85, 1),
('00000003', '00000044', 2, 87, 0),
('00000003', '00000044', 2, 80, 1),
('00000003', '00000045', 1, 85, 0),
('00000003', '00000045', 1, 75, 1),
('00000003', '00000045', 2, 77, 0),
('00000003', '00000045', 2, 80, 1),
('00000003', '00000046', 1, 75, 0),
('00000003', '00000046', 1, 55, 1),
('00000003', '00000046', 2, 96, 0),
('00000003', '00000046', 2, 90, 1),
('00000004', '00000082', 1, 65, 0),
('00000004', '00000082', 1, 75, 1),
('00000004', '00000002', 1, 80, 0),
('00000004', '00000002', 1, 70, 1),
('00000004', '00000084', 1, 95, 0),
('00000004', '00000084', 1, 85, 1),
('00000004', '00000085', 1, 60, 0),
('00000004', '00000085', 1, 70, 1),
('00000004', '00000148', 1, 95, 0),
('00000004', '00000148', 1, 80, 1),
('00000004', '00000089', 1, 45, 0),
('00000004', '00000089', 1, 60, 1),
('00000004', '00000091', 1, 53, 0),
('00000004', '00000091', 1, 70, 1),
('00000004', '00000092', 1, 75, 0),
('00000004', '00000092', 1, 70, 1),
('00000004', '00000093', 1, 85, 0),
('00000004', '00000093', 1, 70, 1),
('00000004', '00000096', 1, 85, 0),
('00000004', '00000096', 1, 70, 1),
('00000004', '00000099', 1, 75, 0),
('00000004', '00000099', 1, 65, 1),
('00000004', '00000100', 1, 85, 0),
('00000004', '00000100', 1, 83, 1),
('00000004', '00000102', 1, 70, 0),
('00000004', '00000102', 1, 70, 1),
('00000004', '00000103', 1, 96, 0),
('00000004', '00000103', 1, 70, 1),
('00000004', '00000107', 1, 70, 0),
('00000004', '00000107', 1, 70, 1),
('00000004', '00000108', 1, 70, 0),
('00000004', '00000108', 1, 70, 1),
('00000004', '00000112', 1, 70, 0),
('00000004', '00000112', 1, 50, 1),
('00000004', '00000113', 1, 50, 0),
('00000004', '00000113', 1, 70, 1),
('00000004', '00000114', 1, 80, 0),
('00000004', '00000114', 1, 75, 1),
('00000004', '00000115', 1, 70, 0),
('00000004', '00000115', 1, 70, 1),
('00000004', '00000116', 1, 70, 0),
('00000004', '00000116', 1, 65, 1),
('00000004', '00000118', 1, 70, 0),
('00000004', '00000118', 1, 70, 1),
('00000004', '00000119', 1, 75, 0),
('00000004', '00000119', 1, 70, 1),
('00000004', '00000120', 1, 80, 0),
('00000004', '00000120', 1, 65, 1),
('00000004', '00000121', 1, 100, 0),
('00000004', '00000121', 1, 70, 1),
('00000004', '00000122', 1, 95, 0),
('00000004', '00000122', 1, 75, 1),
('00000004', '00000123', 1, 71, 0),
('00000004', '00000123', 1, 70, 1),
('00000004', '00000124', 1, 70, 0),
('00000004', '00000124', 1, 70, 1),
('00000004', '00000125', 1, 90, 0),
('00000004', '00000125', 1, 85, 1),
('00000004', '00000127', 1, 80, 0),
('00000004', '00000127', 1, 70, 1),
('00000004', '00000128', 1, 75, 0),
('00000004', '00000128', 1, 65, 1),
('00000004', '00000131', 1, 90, 0),
('00000004', '00000131', 1, 85, 1),
('00000004', '00000132', 1, 65, 0),
('00000004', '00000132', 1, 65, 1),
('00000004', '00000135', 1, 88, 0),
('00000004', '00000135', 1, 85, 1),
('00000004', '00000136', 1, 95, 0),
('00000004', '00000136', 1, 93, 1),
('00000004', '00000141', 1, 83, 0),
('00000004', '00000141', 1, 80, 1),
('00000004', '00000142', 1, 80, 0),
('00000004', '00000142', 1, 65, 1),
('00000004', '00000143', 1, 98, 0),
('00000004', '00000143', 1, 80, 1),
('00000004', '00000144', 1, 75, 0),
('00000004', '00000144', 1, 65, 1),
('00000004', '00000145', 1, 98, 0),
('00000004', '00000145', 1, 80, 1),
('00000004', '00000146', 1, 60, 0),
('00000004', '00000146', 1, 55, 1),
('00000004', '00000147', 1, 100, 0),
('00000004', '00000147', 1, 70, 1),
('00000004', '00000082', 2, 81, 0),
('00000004', '00000082', 2, 75, 1),
('00000004', '00000002', 2, 75, 0),
('00000004', '00000002', 2, 75, 1),
('00000004', '00000084', 2, 83, 0),
('00000004', '00000084', 2, 80, 1),
('00000004', '00000085', 2, 95, 0),
('00000004', '00000085', 2, 75, 1),
('00000004', '00000148', 2, 75, 0),
('00000004', '00000148', 2, 70, 1),
('00000004', '00000088', 2, 60, 0),
('00000004', '00000088', 2, 30, 1),
('00000004', '00000089', 2, 68, 0),
('00000004', '00000089', 2, 80, 1),
('00000004', '00000091', 2, 75, 0),
('00000004', '00000091', 2, 70, 1),
('00000004', '00000092', 2, 5, 0),
('00000004', '00000092', 2, 10, 1),
('00000004', '00000093', 2, 85, 0),
('00000004', '00000093', 2, 75, 1),
('00000004', '00000096', 2, 65, 0),
('00000004', '00000096', 2, 60, 1),
('00000004', '00000099', 2, 10, 0),
('00000004', '00000099', 2, 15, 1),
('00000004', '00000100', 2, 94, 0),
('00000004', '00000100', 2, 93, 1),
('00000004', '00000102', 2, 88, 0),
('00000004', '00000102', 2, 65, 1),
('00000004', '00000103', 2, 80, 0),
('00000004', '00000103', 2, 75, 1),
('00000004', '00000106', 2, 70, 0),
('00000004', '00000106', 2, 70, 1),
('00000004', '00000107', 2, 96, 0),
('00000004', '00000107', 2, 70, 1),
('00000004', '00000108', 2, 98, 0),
('00000004', '00000108', 2, 70, 1),
('00000004', '00000112', 2, 25, 0),
('00000004', '00000112', 2, 40, 1),
('00000004', '00000113', 2, 60, 0),
('00000004', '00000113', 2, 70, 1),
('00000004', '00000114', 2, 35, 0),
('00000004', '00000114', 2, 55, 1),
('00000004', '00000115', 2, 90, 0),
('00000004', '00000115', 2, 75, 1),
('00000004', '00000116', 2, 91, 0),
('00000004', '00000116', 2, 70, 1),
('00000004', '00000118', 2, 95, 0),
('00000004', '00000118', 2, 75, 1),
('00000004', '00000119', 2, 75, 0),
('00000004', '00000119', 2, 75, 1),
('00000004', '00000120', 2, 75, 0),
('00000004', '00000120', 2, 35, 1),
('00000004', '00000121', 2, 75, 0),
('00000004', '00000121', 2, 65, 1),
('00000004', '00000122', 2, 80, 0),
('00000004', '00000122', 2, 70, 1),
('00000004', '00000123', 2, 70, 0),
('00000004', '00000123', 2, 65, 1),
('00000004', '00000124', 2, 95, 0),
('00000004', '00000124', 2, 65, 1),
('00000004', '00000125', 2, 85, 0),
('00000004', '00000125', 2, 90, 1),
('00000004', '00000128', 2, 65, 0),
('00000004', '00000128', 2, 60, 1),
('00000004', '00000131', 2, 77, 0),
('00000004', '00000131', 2, 80, 1),
('00000004', '00000132', 2, 50, 0),
('00000004', '00000132', 2, 55, 1),
('00000004', '00000135', 2, 85, 0),
('00000004', '00000135', 2, 80, 1),
('00000004', '00000136', 2, 93, 0),
('00000004', '00000136', 2, 85, 1),
('00000004', '00000138', 2, 80, 0),
('00000004', '00000138', 2, 75, 1),
('00000004', '00000139', 2, 75, 0),
('00000004', '00000139', 2, 60, 1),
('00000004', '00000141', 2, 88, 0),
('00000004', '00000141', 2, 94, 1),
('00000004', '00000142', 2, 40, 0),
('00000004', '00000142', 2, 65, 1),
('00000004', '00000143', 2, 93, 0),
('00000004', '00000143', 2, 82, 1),
('00000004', '00000145', 2, 90, 0),
('00000004', '00000146', 2, 65, 0),
('00000004', '00000146', 2, 60, 1),
('00000004', '00000147', 2, 75, 0),
('00000004', '00000147', 2, 80, 1),
('00000005', '00000084', 1, 60, 0),
('00000005', '00000084', 1, 70, 1),
('00000005', '00000088', 1, 85, 0),
('00000005', '00000088', 1, 60, 1),
('00000005', '00000112', 1, 60, 0),
('00000005', '00000112', 1, 50, 1),
('00000005', '00000113', 1, 85, 0),
('00000005', '00000113', 1, 80, 1),
('00000005', '00000114', 1, 96, 0),
('00000005', '00000114', 1, 60, 1),
('00000005', '00000115', 1, 75, 0),
('00000005', '00000116', 1, 82, 0),
('00000005', '00000116', 1, 65, 1),
('00000005', '00000117', 1, 90, 0),
('00000005', '00000117', 1, 85, 1),
('00000005', '00000118', 1, 72, 0),
('00000005', '00000118', 1, 55, 1),
('00000005', '00000119', 1, 80, 0),
('00000005', '00000119', 1, 40, 1),
('00000005', '00000081', 1, 70, 0),
('00000005', '00000081', 1, 50, 1),
('00000005', '00000121', 1, 92, 0),
('00000005', '00000121', 1, 80, 1),
('00000005', '00000122', 1, 85, 0),
('00000005', '00000124', 1, 75, 0),
('00000005', '00000124', 1, 60, 1),
('00000005', '00000125', 1, 80, 0),
('00000005', '00000125', 1, 70, 1),
('00000005', '00000126', 1, 75, 0),
('00000005', '00000126', 1, 80, 1),
('00000005', '00000128', 1, 66, 0),
('00000005', '00000128', 1, 85, 1),
('00000005', '00000129', 1, 75, 0),
('00000005', '00000129', 1, 60, 1),
('00000005', '00000130', 1, 55, 0),
('00000005', '00000131', 1, 77, 0),
('00000005', '00000131', 1, 75, 1),
('00000005', '00000132', 1, 85, 0),
('00000005', '00000132', 1, 70, 1),
('00000005', '00000133', 1, 80, 0),
('00000005', '00000133', 1, 55, 1),
('00000005', '00000134', 1, 91, 0),
('00000005', '00000134', 1, 90, 1),
('00000005', '00000135', 1, 92, 0),
('00000005', '00000136', 1, 85, 0),
('00000005', '00000136', 1, 80, 1),
('00000005', '00000139', 1, 82, 0),
('00000005', '00000139', 1, 70, 1),
('00000005', '00000141', 1, 85, 0),
('00000005', '00000141', 1, 75, 1),
('00000005', '00000142', 1, 75, 0),
('00000005', '00000142', 1, 55, 1),
('00000005', '00000143', 1, 96, 0),
('00000005', '00000143', 1, 90, 1),
('00000005', '00000144', 1, 80, 0),
('00000005', '00000144', 1, 85, 1),
('00000005', '00000145', 1, 85, 0),
('00000005', '00000146', 1, 60, 0),
('00000005', '00000146', 1, 55, 1),
('00000005', '00000147', 1, 85, 0),
('00000005', '00000147', 1, 80, 1),
('00000005', '00000084', 2, 70, 0),
('00000005', '00000084', 2, 75, 1),
('00000005', '00000088', 2, 88, 0),
('00000005', '00000088', 2, 80, 1),
('00000005', '00000091', 2, 60, 0),
('00000005', '00000091', 2, 33, 1),
('00000005', '00000149', 2, 98, 0),
('00000005', '00000149', 2, 90, 1),
('00000005', '00000096', 2, 85, 0),
('00000005', '00000096', 2, 70, 1),
('00000005', '00000099', 2, 40, 0),
('00000005', '00000100', 2, 90, 0),
('00000005', '00000101', 2, 80, 0),
('00000005', '00000101', 2, 40, 1),
('00000005', '00000108', 2, 90, 0),
('00000005', '00000108', 2, 80, 1),
('00000005', '00000110', 2, 88, 0),
('00000005', '00000110', 2, 60, 1),
('00000005', '00000112', 2, 45, 0),
('00000005', '00000112', 2, 30, 1),
('00000005', '00000113', 2, 65, 0),
('00000005', '00000113', 2, 45, 1),
('00000005', '00000114', 2, 75, 0),
('00000005', '00000114', 2, 55, 1),
('00000005', '00000115', 2, 85, 0),
('00000005', '00000115', 2, 85, 1),
('00000005', '00000116', 2, 95, 0),
('00000005', '00000116', 2, 85, 1),
('00000005', '00000117', 2, 96, 0),
('00000005', '00000117', 2, 85, 1),
('00000005', '00000118', 2, 96, 0),
('00000005', '00000118', 2, 80, 1),
('00000005', '00000119', 2, 60, 0),
('00000005', '00000119', 2, 65, 1),
('00000005', '00000081', 2, 75, 0),
('00000005', '00000081', 2, 30, 1),
('00000005', '00000121', 2, 83, 0),
('00000005', '00000121', 2, 85, 1),
('00000005', '00000122', 2, 94, 0),
('00000005', '00000122', 2, 85, 1),
('00000005', '00000124', 2, 88, 0),
('00000005', '00000124', 2, 85, 1),
('00000005', '00000125', 2, 95, 0),
('00000005', '00000125', 2, 70, 1),
('00000005', '00000126', 2, 88, 0),
('00000005', '00000126', 2, 70, 1),
('00000005', '00000128', 2, 70, 0),
('00000005', '00000128', 2, 60, 1),
('00000005', '00000129', 2, 80, 0),
('00000005', '00000129', 2, 80, 1),
('00000005', '00000130', 2, 60, 0),
('00000005', '00000130', 2, 75, 1),
('00000005', '00000131', 2, 97, 0),
('00000005', '00000131', 2, 85, 1),
('00000005', '00000132', 2, 90, 0),
('00000005', '00000132', 2, 80, 1),
('00000005', '00000133', 2, 70, 0),
('00000005', '00000133', 2, 70, 1),
('00000005', '00000134', 2, 94, 0),
('00000005', '00000134', 2, 80, 1),
('00000005', '00000135', 2, 90, 0),
('00000005', '00000135', 2, 96, 1),
('00000005', '00000136', 2, 93, 0),
('00000005', '00000136', 2, 85, 1),
('00000005', '00000139', 2, 98, 0),
('00000005', '00000139', 2, 80, 1),
('00000005', '00000141', 2, 95, 0),
('00000005', '00000141', 2, 90, 1),
('00000005', '00000142', 2, 88, 0),
('00000005', '00000142', 2, 75, 1),
('00000005', '00000143', 2, 98, 0),
('00000005', '00000143', 2, 88, 1),
('00000005', '00000144', 2, 98, 0),
('00000005', '00000144', 2, 85, 1),
('00000005', '00000145', 2, 90, 0),
('00000005', '00000145', 2, 95, 1),
('00000005', '00000147', 2, 94, 0),
('00000005', '00000147', 2, 80, 1),
('00000005', '00000084', 3, 60, 0),
('00000005', '00000084', 3, 80, 1),
('00000005', '00000088', 3, 75, 0),
('00000005', '00000088', 3, 65, 1),
('00000005', '00000091', 3, 85, 0),
('00000005', '00000091', 3, 65, 1),
('00000005', '00000149', 3, 80, 0),
('00000005', '00000149', 3, 85, 1),
('00000005', '00000096', 3, 70, 0),
('00000005', '00000096', 3, 75, 1),
('00000005', '00000099', 3, 30, 0),
('00000005', '00000099', 3, 30, 1),
('00000005', '00000100', 3, 85, 0),
('00000005', '00000100', 3, 85, 1),
('00000005', '00000101', 3, 65, 0),
('00000005', '00000101', 3, 70, 1),
('00000005', '00000108', 3, 88, 0),
('00000005', '00000108', 3, 65, 1),
('00000005', '00000110', 3, 91, 0),
('00000005', '00000110', 3, 50, 1),
('00000005', '00000112', 3, 85, 0),
('00000005', '00000112', 3, 73, 1),
('00000005', '00000113', 3, 90, 0),
('00000005', '00000113', 3, 100, 1),
('00000005', '00000114', 3, 96, 0),
('00000005', '00000114', 3, 70, 1),
('00000005', '00000115', 3, 90, 0),
('00000005', '00000115', 3, 90, 1),
('00000005', '00000116', 3, 85, 0),
('00000005', '00000116', 3, 75, 1),
('00000005', '00000117', 3, 98, 0),
('00000005', '00000117', 3, 90, 1),
('00000005', '00000118', 3, 95, 0),
('00000005', '00000119', 3, 35, 0),
('00000005', '00000119', 3, 55, 1),
('00000005', '00000081', 3, 45, 0),
('00000005', '00000081', 3, 40, 1),
('00000005', '00000121', 3, 90, 0),
('00000005', '00000121', 3, 80, 1),
('00000005', '00000122', 3, 98, 0),
('00000005', '00000122', 3, 80, 1),
('00000005', '00000124', 3, 75, 0),
('00000005', '00000124', 3, 75, 1),
('00000005', '00000125', 3, 90, 0),
('00000005', '00000125', 3, 65, 1),
('00000005', '00000126', 3, 93, 0),
('00000005', '00000126', 3, 80, 1),
('00000005', '00000128', 3, 80, 0),
('00000005', '00000128', 3, 70, 1),
('00000005', '00000129', 3, 65, 0),
('00000005', '00000129', 3, 65, 1),
('00000005', '00000130', 3, 87, 0),
('00000005', '00000130', 3, 80, 1),
('00000005', '00000131', 3, 70, 0),
('00000005', '00000131', 3, 65, 1),
('00000005', '00000132', 3, 98, 0),
('00000005', '00000132', 3, 80, 1),
('00000005', '00000133', 3, 45, 0),
('00000005', '00000133', 3, 45, 1),
('00000005', '00000134', 3, 94, 0),
('00000005', '00000134', 3, 70, 1),
('00000005', '00000135', 3, 93, 0),
('00000005', '00000135', 3, 90, 1),
('00000005', '00000136', 3, 83, 0),
('00000005', '00000136', 3, 65, 1),
('00000005', '00000139', 3, 97, 0),
('00000005', '00000139', 3, 75, 1),
('00000005', '00000141', 3, 96, 0),
('00000005', '00000141', 3, 85, 1),
('00000005', '00000142', 3, 90, 0),
('00000005', '00000142', 3, 65, 1),
('00000005', '00000143', 3, 95, 0),
('00000005', '00000143', 3, 85, 1),
('00000005', '00000144', 3, 85, 0),
('00000005', '00000144', 3, 85, 1),
('00000005', '00000145', 3, 85, 0),
('00000005', '00000145', 3, 80, 1),
('00000005', '00000147', 3, 85, 0),
('00000005', '00000147', 3, 75, 1),
('00000006', '00000082', 1, 65, 0),
('00000006', '00000082', 1, 70, 1),
('00000006', '00000002', 1, 60, 0),
('00000006', '00000002', 1, 40, 1),
('00000006', '00000083', 1, 80, 0),
('00000006', '00000083', 1, 70, 1),
('00000006', '00000084', 1, 65, 0),
('00000006', '00000084', 1, 80, 1),
('00000006', '00000085', 1, 50, 0),
('00000006', '00000085', 1, 35, 1),
('00000006', '00000148', 1, 80, 0),
('00000006', '00000148', 1, 70, 1),
('00000006', '00000089', 1, 65, 0),
('00000006', '00000089', 1, 50, 1),
('00000006', '00000149', 1, 83, 0),
('00000006', '00000149', 1, 70, 1),
('00000006', '00000092', 1, 85, 0),
('00000006', '00000093', 1, 85, 0),
('00000006', '00000093', 1, 85, 1),
('00000006', '00000096', 1, 84, 0),
('00000006', '00000096', 1, 80, 1),
('00000006', '00000098', 1, 68, 0),
('00000006', '00000098', 1, 75, 1),
('00000006', '00000099', 1, 87, 0),
('00000006', '00000099', 1, 70, 1),
('00000006', '00000100', 1, 88, 0),
('00000006', '00000100', 1, 20, 1),
('00000006', '00000103', 1, 82, 0),
('00000006', '00000103', 1, 75, 1),
('00000006', '00000104', 1, 70, 0),
('00000006', '00000104', 1, 65, 1),
('00000006', '00000106', 1, 80, 0),
('00000006', '00000108', 1, 80, 0),
('00000006', '00000108', 1, 85, 1),
('00000006', '00000110', 1, 83, 0),
('00000006', '00000110', 1, 70, 1),
('00000006', '00000112', 1, 60, 0),
('00000006', '00000112', 1, 65, 1),
('00000006', '00000113', 1, 80, 0),
('00000006', '00000113', 1, 78, 1),
('00000006', '00000114', 1, 96, 0),
('00000006', '00000114', 1, 90, 1),
('00000006', '00000115', 1, 73, 0),
('00000006', '00000115', 1, 90, 1),
('00000006', '00000117', 1, 85, 0),
('00000006', '00000117', 1, 75, 1),
('00000006', '00000118', 1, 67, 0),
('00000006', '00000118', 1, 70, 1),
('00000006', '00000119', 1, 65, 0),
('00000006', '00000119', 1, 65, 1),
('00000006', '00000081', 1, 83, 0),
('00000006', '00000081', 1, 75, 1),
('00000006', '00000121', 1, 85, 0),
('00000006', '00000121', 1, 75, 1),
('00000006', '00000122', 1, 83, 0),
('00000006', '00000122', 1, 70, 1),
('00000006', '00000123', 1, 75, 0),
('00000006', '00000123', 1, 60, 1),
('00000006', '00000124', 1, 85, 0),
('00000006', '00000124', 1, 65, 1),
('00000006', '00000125', 1, 25, 0),
('00000006', '00000125', 1, 35, 1),
('00000006', '00000126', 1, 70, 0),
('00000006', '00000126', 1, 60, 1),
('00000006', '00000127', 1, 70, 0),
('00000006', '00000127', 1, 65, 1),
('00000006', '00000128', 1, 82, 0),
('00000006', '00000128', 1, 80, 1),
('00000006', '00000129', 1, 75, 0),
('00000006', '00000129', 1, 55, 1),
('00000006', '00000130', 1, 75, 0),
('00000006', '00000130', 1, 80, 1),
('00000006', '00000131', 1, 85, 0),
('00000006', '00000131', 1, 85, 1),
('00000006', '00000132', 1, 30, 0),
('00000006', '00000132', 1, 60, 1),
('00000006', '00000133', 1, 89, 0),
('00000006', '00000133', 1, 75, 1),
('00000006', '00000135', 1, 85, 0),
('00000006', '00000135', 1, 80, 1),
('00000006', '00000136', 1, 75, 0),
('00000006', '00000136', 1, 80, 1),
('00000006', '00000138', 1, 80, 0),
('00000006', '00000138', 1, 65, 1),
('00000006', '00000139', 1, 82, 0),
('00000006', '00000139', 1, 65, 1),
('00000006', '00000141', 1, 70, 0),
('00000006', '00000141', 1, 70, 1),
('00000006', '00000142', 1, 60, 0),
('00000006', '00000142', 1, 90, 1),
('00000006', '00000143', 1, 60, 0),
('00000006', '00000143', 1, 80, 1),
('00000006', '00000144', 1, 85, 0),
('00000006', '00000144', 1, 65, 1),
('00000006', '00000145', 1, 85, 0),
('00000006', '00000145', 1, 80, 1),
('00000006', '00000146', 1, 85, 0),
('00000006', '00000146', 1, 85, 1),
('00000006', '00000147', 1, 80, 0),
('00000006', '00000147', 1, 65, 1),
('00000006', '00000082', 2, 80, 0),
('00000006', '00000082', 2, 55, 1),
('00000006', '00000002', 2, 55, 0),
('00000006', '00000002', 2, 35, 1),
('00000006', '00000083', 2, 85, 0),
('00000006', '00000083', 2, 80, 1),
('00000006', '00000085', 2, 40, 0),
('00000006', '00000085', 2, 15, 1),
('00000006', '00000148', 2, 85, 0),
('00000006', '00000148', 2, 75, 1),
('00000006', '00000089', 2, 58, 0),
('00000006', '00000089', 2, 55, 1),
('00000006', '00000149', 2, 61, 0),
('00000006', '00000149', 2, 55, 1),
('00000006', '00000092', 2, 65, 0),
('00000006', '00000092', 2, 60, 1),
('00000006', '00000093', 2, 80, 0),
('00000006', '00000093', 2, 35, 1),
('00000006', '00000096', 2, 63, 0),
('00000006', '00000096', 2, 65, 1),
('00000006', '00000098', 2, 65, 0),
('00000006', '00000098', 2, 75, 1),
('00000006', '00000099', 2, 75, 0),
('00000006', '00000099', 2, 75, 1),
('00000006', '00000100', 2, 85, 0),
('00000006', '00000100', 2, 85, 1),
('00000006', '00000103', 2, 90, 0),
('00000006', '00000103', 2, 50, 1),
('00000006', '00000104', 2, 50, 0),
('00000006', '00000104', 2, 50, 1),
('00000006', '00000108', 2, 54, 0),
('00000006', '00000108', 2, 70, 1),
('00000006', '00000110', 2, 57, 0),
('00000006', '00000110', 2, 45, 1),
('00000006', '00000112', 2, 75, 0),
('00000006', '00000113', 2, 86, 0),
('00000006', '00000113', 2, 90, 1),
('00000006', '00000114', 2, 95, 0),
('00000006', '00000114', 2, 95, 1),
('00000006', '00000115', 2, 96, 0),
('00000006', '00000115', 2, 80, 1),
('00000006', '00000117', 2, 96, 0),
('00000006', '00000117', 2, 80, 1),
('00000006', '00000118', 2, 80, 0),
('00000006', '00000118', 2, 40, 1),
('00000006', '00000119', 2, 35, 0),
('00000006', '00000119', 2, 50, 1),
('00000006', '00000081', 2, 30, 0),
('00000006', '00000081', 2, 10, 1),
('00000006', '00000121', 2, 65, 0),
('00000006', '00000121', 2, 35, 1),
('00000006', '00000122', 2, 90, 0),
('00000006', '00000122', 2, 85, 1),
('00000006', '00000123', 2, 80, 0),
('00000006', '00000123', 2, 70, 1),
('00000006', '00000124', 2, 60, 0),
('00000006', '00000124', 2, 50, 1),
('00000006', '00000125', 2, 83, 0),
('00000006', '00000125', 2, 69, 1),
('00000006', '00000126', 2, 50, 0),
('00000006', '00000126', 2, 30, 1),
('00000006', '00000127', 2, 55, 0),
('00000006', '00000127', 2, 45, 1),
('00000006', '00000128', 2, 65, 0),
('00000006', '00000128', 2, 70, 1),
('00000006', '00000129', 2, 48, 0),
('00000006', '00000129', 2, 50, 1),
('00000006', '00000130', 2, 85, 0),
('00000006', '00000130', 2, 85, 1),
('00000006', '00000131', 2, 65, 0),
('00000006', '00000131', 2, 55, 1),
('00000006', '00000132', 2, 75, 0),
('00000006', '00000132', 2, 20, 1),
('00000006', '00000135', 2, 95, 0),
('00000006', '00000135', 2, 70, 1),
('00000006', '00000136', 2, 94, 0),
('00000006', '00000136', 2, 70, 1),
('00000006', '00000138', 2, 68, 0),
('00000006', '00000138', 2, 65, 1),
('00000006', '00000139', 2, 90, 0),
('00000006', '00000139', 2, 50, 1),
('00000006', '00000141', 2, 86, 0),
('00000006', '00000141', 2, 80, 1),
('00000006', '00000142', 2, 70, 0),
('00000006', '00000142', 2, 75, 1),
('00000006', '00000143', 2, 75, 0),
('00000006', '00000143', 2, 40, 1),
('00000006', '00000144', 2, 75, 0),
('00000006', '00000144', 2, 70, 1),
('00000006', '00000145', 2, 70, 0),
('00000006', '00000145', 2, 80, 1),
('00000006', '00000146', 2, 96, 0),
('00000006', '00000146', 2, 85, 1),
('00000006', '00000147', 2, 88, 0),
('00000006', '00000147', 2, 55, 1),
('00000006', '00000082', 3, 80, 0),
('00000006', '00000082', 3, 70, 1),
('00000006', '00000002', 3, 70, 0),
('00000006', '00000002', 3, 70, 1),
('00000006', '00000084', 3, 70, 0),
('00000006', '00000084', 3, 80, 1),
('00000006', '00000085', 3, 78, 0),
('00000006', '00000085', 3, 65, 1),
('00000006', '00000148', 3, 94, 0),
('00000006', '00000148', 3, 70, 1),
('00000006', '00000089', 3, 85, 0),
('00000006', '00000089', 3, 80, 1),
('00000006', '00000149', 3, 90, 0),
('00000006', '00000149', 3, 80, 1),
('00000006', '00000092', 3, 85, 0),
('00000006', '00000092', 3, 75, 1),
('00000006', '00000093', 3, 91, 0),
('00000006', '00000093', 3, 80, 1),
('00000006', '00000096', 3, 80, 0),
('00000006', '00000096', 3, 60, 1),
('00000006', '00000098', 3, 70, 0),
('00000006', '00000098', 3, 88, 1),
('00000006', '00000099', 3, 98, 0),
('00000006', '00000099', 3, 75, 1),
('00000006', '00000100', 3, 90, 0),
('00000006', '00000100', 3, 85, 1),
('00000006', '00000103', 3, 90, 0),
('00000006', '00000103', 3, 80, 1),
('00000006', '00000104', 3, 98, 0),
('00000006', '00000104', 3, 70, 1),
('00000006', '00000108', 3, 80, 0),
('00000006', '00000108', 3, 70, 1),
('00000006', '00000110', 3, 85, 0),
('00000006', '00000110', 3, 75, 1),
('00000006', '00000112', 3, 98, 0),
('00000006', '00000112', 3, 70, 1),
('00000006', '00000113', 3, 80, 0),
('00000006', '00000113', 3, 70, 1),
('00000006', '00000114', 3, 96, 0),
('00000006', '00000114', 3, 85, 1),
('00000006', '00000115', 3, 90, 0),
('00000006', '00000115', 3, 75, 1),
('00000006', '00000117', 3, 94, 0),
('00000006', '00000117', 3, 85, 1),
('00000006', '00000118', 3, 91, 0),
('00000006', '00000118', 3, 80, 1),
('00000006', '00000119', 3, 65, 0),
('00000006', '00000119', 3, 40, 1),
('00000006', '00000081', 3, 2, 0),
('00000006', '00000081', 3, 70, 1),
('00000006', '00000121', 3, 80, 0),
('00000006', '00000121', 3, 65, 1),
('00000006', '00000122', 3, 96, 0),
('00000006', '00000122', 3, 91, 1),
('00000006', '00000123', 3, 55, 0),
('00000006', '00000124', 3, 50, 0),
('00000006', '00000124', 3, 60, 1),
('00000006', '00000125', 3, 88, 0),
('00000006', '00000125', 3, 70, 1),
('00000006', '00000126', 3, 75, 0),
('00000006', '00000126', 3, 65, 1),
('00000006', '00000127', 3, 55, 0),
('00000006', '00000127', 3, 65, 1),
('00000006', '00000128', 3, 50, 0),
('00000006', '00000128', 3, 70, 1),
('00000006', '00000129', 3, 75, 0),
('00000006', '00000129', 3, 50, 1),
('00000006', '00000130', 3, 85, 0),
('00000006', '00000130', 3, 80, 1),
('00000006', '00000131', 3, 70, 0),
('00000006', '00000131', 3, 80, 1),
('00000006', '00000132', 3, 100, 0),
('00000006', '00000132', 3, 75, 1),
('00000006', '00000135', 3, 98, 0),
('00000006', '00000135', 3, 85, 1),
('00000006', '00000136', 3, 98, 0),
('00000006', '00000136', 3, 100, 1),
('00000006', '00000138', 3, 98, 0),
('00000006', '00000138', 3, 80, 1),
('00000006', '00000139', 3, 98, 0),
('00000006', '00000139', 3, 80, 1),
('00000006', '00000141', 3, 96, 0),
('00000006', '00000141', 3, 93, 1),
('00000006', '00000142', 3, 75, 0),
('00000006', '00000142', 3, 70, 1),
('00000006', '00000143', 3, 96, 0),
('00000006', '00000143', 3, 80, 1),
('00000006', '00000144', 3, 50, 0),
('00000006', '00000144', 3, 70, 1),
('00000006', '00000145', 3, 98, 0),
('00000006', '00000145', 3, 85, 1),
('00000006', '00000146', 3, 100, 0),
('00000006', '00000146', 3, 80, 1),
('00000006', '00000147', 3, 75, 0),
('00000006', '00000147', 3, 75, 1),
('00000007', '00000082', 1, 96, 0),
('00000007', '00000082', 1, 85, 1),
('00000007', '00000084', 1, 90, 0),
('00000007', '00000084', 1, 80, 1),
('00000007', '00000086', 1, 80, 0),
('00000007', '00000086', 1, 80, 1),
('00000007', '00000088', 1, 85, 0),
('00000007', '00000088', 1, 60, 1),
('00000007', '00000089', 1, 70, 0),
('00000007', '00000089', 1, 80, 1),
('00000007', '00000091', 1, 60, 0),
('00000007', '00000091', 1, 70, 1),
('00000007', '00000149', 1, 85, 0),
('00000007', '00000149', 1, 80, 1),
('00000007', '00000093', 1, 15, 0),
('00000007', '00000093', 1, 20, 1),
('00000007', '00000096', 1, 80, 0),
('00000007', '00000096', 1, 70, 1),
('00000007', '00000098', 1, 65, 0),
('00000007', '00000098', 1, 75, 1),
('00000007', '00000100', 1, 96, 0),
('00000007', '00000100', 1, 93, 1),
('00000007', '00000103', 1, 91, 0),
('00000007', '00000103', 1, 80, 1),
('00000007', '00000104', 1, 95, 0),
('00000007', '00000104', 1, 70, 1),
('00000007', '00000106', 1, 65, 0),
('00000007', '00000106', 1, 70, 1),
('00000007', '00000108', 1, 76, 0),
('00000007', '00000108', 1, 70, 1),
('00000007', '00000110', 1, 70, 0),
('00000007', '00000110', 1, 70, 1),
('00000007', '00000112', 1, 85, 0),
('00000007', '00000112', 1, 65, 1),
('00000007', '00000113', 1, 73, 0),
('00000007', '00000113', 1, 80, 1),
('00000007', '00000114', 1, 94, 0),
('00000007', '00000114', 1, 80, 1),
('00000007', '00000116', 1, 85, 0),
('00000007', '00000116', 1, 70, 1),
('00000007', '00000117', 1, 98, 0),
('00000007', '00000117', 1, 80, 1),
('00000007', '00000118', 1, 90, 0),
('00000007', '00000118', 1, 80, 1),
('00000007', '00000081', 1, 85, 0),
('00000007', '00000081', 1, 70, 1),
('00000007', '00000121', 1, 90, 0),
('00000007', '00000121', 1, 70, 1),
('00000007', '00000122', 1, 80, 0),
('00000007', '00000122', 1, 85, 1),
('00000007', '00000123', 1, 79, 0),
('00000007', '00000123', 1, 70, 1),
('00000007', '00000124', 1, 75, 0),
('00000007', '00000124', 1, 70, 1),
('00000007', '00000127', 1, 58, 0),
('00000007', '00000127', 1, 70, 1),
('00000007', '00000131', 1, 68, 0),
('00000007', '00000131', 1, 65, 1),
('00000007', '00000134', 1, 90, 0),
('00000007', '00000134', 1, 80, 1),
('00000007', '00000135', 1, 85, 0),
('00000007', '00000135', 1, 92, 1),
('00000007', '00000136', 1, 85, 0),
('00000007', '00000136', 1, 80, 1),
('00000007', '00000139', 1, 85, 0),
('00000007', '00000139', 1, 70, 1),
('00000007', '00000142', 1, 75, 0),
('00000007', '00000142', 1, 60, 1),
('00000007', '00000143', 1, 90, 0),
('00000007', '00000143', 1, 80, 1),
('00000007', '00000144', 1, 82, 0),
('00000007', '00000144', 1, 65, 1),
('00000007', '00000145', 1, 70, 0),
('00000007', '00000145', 1, 75, 1),
('00000007', '00000146', 1, 58, 0),
('00000007', '00000146', 1, 55, 1),
('00000007', '00000082', 2, 25, 0),
('00000007', '00000082', 2, 30, 1),
('00000007', '00000086', 2, 20, 0),
('00000007', '00000086', 2, 15, 1),
('00000007', '00000088', 2, 10, 0),
('00000007', '00000088', 2, 20, 1),
('00000007', '00000089', 2, 38, 0),
('00000007', '00000089', 2, 15, 1),
('00000007', '00000091', 2, 10, 1),
('00000007', '00000149', 2, 80, 1),
('00000007', '00000093', 2, 15, 1),
('00000007', '00000096', 2, 25, 1),
('00000007', '00000098', 2, 25, 1),
('00000007', '00000100', 2, 80, 1),
('00000007', '00000103', 2, 15, 1),
('00000007', '00000106', 2, 20, 1),
('00000007', '00000110', 2, 60, 1),
('00000007', '00000112', 2, 15, 1),
('00000007', '00000113', 2, 25, 1),
('00000007', '00000114', 2, 15, 1),
('00000007', '00000116', 2, 15, 1),
('00000007', '00000117', 2, 15, 1),
('00000007', '00000081', 2, 20, 1),
('00000007', '00000121', 2, 5, 1),
('00000007', '00000134', 2, 55, 1),
('00000007', '00000135', 2, 85, 1),
('00000007', '00000136', 2, 25, 1),
('00000007', '00000143', 2, 15, 1),
('00000007', '00000146', 2, 45, 1),
('00000007', '00000084', 3, 50, 0),
('00000007', '00000084', 3, 75, 1),
('00000007', '00000088', 3, 10, 1),
('00000007', '00000089', 3, 15, 1),
('00000007', '00000091', 3, 40, 0),
('00000007', '00000091', 3, 10, 1),
('00000007', '00000149', 3, 70, 1),
('00000007', '00000093', 3, 80, 1),
('00000007', '00000096', 3, 15, 1),
('00000007', '00000098', 3, 23, 1),
('00000007', '00000100', 3, 70, 1),
('00000007', '00000103', 3, 73, 1),
('00000007', '00000104', 3, 55, 1),
('00000007', '00000106', 3, 20, 1),
('00000007', '00000108', 3, 55, 1),
('00000007', '00000110', 3, 40, 1),
('00000007', '00000114', 3, 20, 1),
('00000007', '00000116', 3, 15, 1),
('00000007', '00000117', 3, 50, 1),
('00000007', '00000118', 3, 25, 1),
('00000007', '00000122', 3, 80, 1),
('00000007', '00000123', 3, 70, 1),
('00000007', '00000124', 3, 75, 1),
('00000007', '00000127', 3, 55, 1),
('00000007', '00000131', 3, 75, 1),
('00000007', '00000135', 3, 80, 1),
('00000007', '00000142', 3, 55, 1),
('00000007', '00000145', 3, 45, 1),
('00000007', '00000146', 3, 20, 1),
('00000007', '00000082', 4, 75, 1),
('00000008', '00000050', 1, 70, 1),
('00000008', '00000052', 1, 60, 1),
('00000008', '00000053', 1, 65, 1),
('00000008', '00000054', 1, 70, 1),
('00000008', '00000055', 1, 78, 1),
('00000008', '00000056', 1, 65, 1),
('00000008', '00000057', 1, 60, 1),
('00000008', '00000058', 1, 80, 1),
('00000008', '00000059', 1, 82, 1),
('00000008', '00000060', 1, 70, 1),
('00000008', '00000079', 1, 20, 1),
('00000008', '00000080', 1, 80, 1),
('00000008', '00000061', 1, 80, 1),
('00000008', '00000062', 1, 77, 1),
('00000008', '00000047', 1, 70, 1),
('00000008', '00000065', 1, 60, 0),
('00000008', '00000065', 1, 60, 1),
('00000008', '00000066', 1, 60, 1),
('00000008', '00000067', 1, 80, 1),
('00000008', '00000069', 1, 50, 1),
('00000008', '00000070', 1, 70, 1),
('00000008', '00000072', 1, 70, 1),
('00000008', '00000073', 1, 15, 1),
('00000008', '00000050', 2, 70, 1),
('00000008', '00000052', 2, 93, 1),
('00000008', '00000054', 2, 73, 1),
('00000008', '00000055', 2, 70, 1),
('00000008', '00000057', 2, 80, 1),
('00000008', '00000059', 2, 85, 1),
('00000008', '00000062', 2, 80, 1),
('00000008', '00000047', 2, 70, 1),
('00000008', '00000064', 2, 75, 1),
('00000008', '00000065', 2, 75, 1),
('00000008', '00000067', 2, 80, 1),
('00000008', '00000068', 2, 25, 1),
('00000008', '00000069', 2, 85, 1),
('00000008', '00000070', 2, 70, 1),
('00000008', '00000072', 2, 90, 1),
('00000008', '00000073', 2, 25, 1),
('00000008', '00000074', 2, 60, 1),
('00000009', '00000160', 1, 65, 1),
('00000009', '00000161', 1, 65, 1),
('00000009', '00000162', 1, 75, 1),
('00000009', '00000164', 1, 70, 1),
('00000009', '00000154', 1, 55, 1),
('00000009', '00000150', 1, 65, 1),
('00000009', '00000165', 1, 70, 1),
('00000009', '00000155', 1, 80, 1),
('00000009', '00000166', 1, 80, 1),
('00000009', '00000156', 1, 60, 1),
('00000009', '00000157', 1, 80, 1),
('00000009', '00000168', 1, 70, 0),
('00000009', '00000168', 1, 65, 1),
('00000009', '00000169', 1, 80, 1),
('00000009', '00000170', 1, 80, 1),
('00000009', '00000171', 1, 75, 1),
('00000009', '00000172', 1, 80, 1),
('00000009', '00000173', 1, 80, 1),
('00000009', '00000174', 1, 70, 1),
('00000009', '00000175', 1, 100, 1),
('00000009', '00000176', 1, 85, 1),
('00000009', '00000178', 1, 60, 1),
('00000009', '00000179', 1, 80, 1),
('00000010', '00000002', 1, 80, 1),
('00000010', '00000083', 1, 85, 1),
('00000010', '00000085', 1, 45, 1),
('00000010', '00000088', 1, 70, 1),
('00000010', '00000089', 1, 80, 1),
('00000010', '00000091', 1, 70, 1),
('00000010', '00000149', 1, 80, 0),
('00000010', '00000149', 1, 80, 1),
('00000010', '00000092', 1, 40, 1),
('00000010', '00000093', 1, 85, 1),
('00000010', '00000096', 1, 80, 1),
('00000010', '00000098', 1, 80, 1),
('00000010', '00000099', 1, 60, 1),
('00000010', '00000100', 1, 73, 1),
('00000010', '00000101', 1, 80, 1),
('00000010', '00000104', 1, 70, 1),
('00000010', '00000105', 1, 85, 1),
('00000010', '00000106', 1, 65, 1),
('00000010', '00000107', 1, 80, 1),
('00000010', '00000108', 1, 65, 1),
('00000010', '00000113', 1, 30, 1),
('00000010', '00000114', 1, 75, 1),
('00000010', '00000115', 1, 85, 1),
('00000010', '00000116', 1, 87, 1),
('00000010', '00000118', 1, 75, 1),
('00000010', '00000119', 1, 85, 1),
('00000010', '00000081', 1, 65, 1),
('00000010', '00000121', 1, 85, 1),
('00000010', '00000122', 1, 75, 1),
('00000010', '00000123', 1, 68, 1),
('00000010', '00000124', 1, 50, 1),
('00000010', '00000125', 1, 75, 1),
('00000010', '00000126', 1, 80, 1),
('00000010', '00000128', 1, 85, 1),
('00000010', '00000129', 1, 70, 1),
('00000010', '00000130', 1, 75, 1),
('00000010', '00000131', 1, 50, 1);

-- --------------------------------------------------------

--
-- 資料表結構 `student`
--

CREATE TABLE `student` (
  `ClassID` text NOT NULL,
  `StudentID` text NOT NULL
) ENGINE=InnoDB DEFAULT CHARSET=utf8mb4 COLLATE=utf8mb4_general_ci;

--
-- 傾印資料表的資料 `student`
--

INSERT INTO `student` (`ClassID`, `StudentID`) VALUES
('00000000', '00000000'),
('00000001', '00000000'),
('00000002', '00000000'),
('00000003', '00000002'),
('00000003', '00000003'),
('00000003', '00000004'),
('00000003', '00000005'),
('00000003', '00000006'),
('00000003', '00000007'),
('00000003', '00000008'),
('00000003', '00000009'),
('00000003', '00000010'),
('00000003', '00000011'),
('00000003', '00000012'),
('00000003', '00000013'),
('00000003', '00000014'),
('00000003', '00000015'),
('00000003', '00000016'),
('00000003', '00000017'),
('00000003', '00000018'),
('00000003', '00000019'),
('00000003', '00000020'),
('00000003', '00000021'),
('00000003', '00000022'),
('00000003', '00000023'),
('00000003', '00000024'),
('00000003', '00000025'),
('00000003', '00000026'),
('00000003', '00000027'),
('00000003', '00000028'),
('00000003', '00000029'),
('00000003', '00000030'),
('00000003', '00000031'),
('00000003', '00000032'),
('00000003', '00000033'),
('00000003', '00000034'),
('00000003', '00000035'),
('00000003', '00000036'),
('00000003', '00000037'),
('00000003', '00000038'),
('00000003', '00000039'),
('00000003', '00000040'),
('00000003', '00000041'),
('00000003', '00000042'),
('00000003', '00000043'),
('00000003', '00000044'),
('00000003', '00000045'),
('00000003', '00000046'),
('00000005', '00000047'),
('00000005', '00000048'),
('00000005', '00000049'),
('00000005', '00000050'),
('00000005', '00000051'),
('00000005', '00000052'),
('00000005', '00000053'),
('00000005', '00000054'),
('00000005', '00000055'),
('00000005', '00000056'),
('00000005', '00000057'),
('00000005', '00000058'),
('00000005', '00000059'),
('00000005', '00000060'),
('00000005', '00000061'),
('00000005', '00000062'),
('00000005', '00000063'),
('00000005', '00000064'),
('00000005', '00000065'),
('00000005', '00000066'),
('00000005', '00000067'),
('00000005', '00000068'),
('00000005', '00000069'),
('00000005', '00000070'),
('00000005', '00000071'),
('00000005', '00000072'),
('00000005', '00000073'),
('00000005', '00000074'),
('00000005', '00000075'),
('00000005', '00000076'),
('00000005', '00000077'),
('00000005', '00000078'),
('00000005', '00000079'),
('00000005', '00000080'),
('00000004', '00000081'),
('00000004', '00000082'),
('00000004', '00000083'),
('00000004', '00000084'),
('00000004', '00000085'),
('00000004', '00000086'),
('00000004', '00000087'),
('00000004', '00000088'),
('00000004', '00000089'),
('00000004', '00000090'),
('00000004', '00000091'),
('00000004', '00000092'),
('00000004', '00000093'),
('00000004', '00000094'),
('00000004', '00000095'),
('00000004', '00000096'),
('00000004', '00000097'),
('00000004', '00000098'),
('00000004', '00000099'),
('00000004', '00000100'),
('00000004', '00000101'),
('00000004', '00000102'),
('00000004', '00000103'),
('00000004', '00000104'),
('00000004', '00000105'),
('00000004', '00000106'),
('00000004', '00000107'),
('00000004', '00000108'),
('00000004', '00000109'),
('00000004', '00000110'),
('00000004', '00000111'),
('00000004', '00000112'),
('00000004', '00000113'),
('00000004', '00000114'),
('00000004', '00000115'),
('00000004', '00000116'),
('00000004', '00000117'),
('00000004', '00000118'),
('00000004', '00000119'),
('00000004', '00000120'),
('00000004', '00000121'),
('00000004', '00000122'),
('00000004', '00000123'),
('00000004', '00000124'),
('00000004', '00000125'),
('00000004', '00000126'),
('00000004', '00000127'),
('00000004', '00000128'),
('00000004', '00000129'),
('00000004', '00000130'),
('00000004', '00000131'),
('00000004', '00000132'),
('00000004', '00000133'),
('00000004', '00000134'),
('00000004', '00000135'),
('00000004', '00000136'),
('00000004', '00000137'),
('00000004', '00000138'),
('00000004', '00000139'),
('00000004', '00000140'),
('00000004', '00000141'),
('00000004', '00000142'),
('00000004', '00000143'),
('00000004', '00000144'),
('00000004', '00000145'),
('00000004', '00000146'),
('00000004', '00000147'),
('00000004', '00000002'),
('00000004', '00000148'),
('00000004', '00000149'),
('00000006', '00000150'),
('00000006', '00000151'),
('00000006', '00000152'),
('00000006', '00000153'),
('00000006', '00000154'),
('00000006', '00000155'),
('00000006', '00000156'),
('00000006', '00000157'),
('00000006', '00000158'),
('00000006', '00000159'),
('00000006', '00000160'),
('00000006', '00000161'),
('00000006', '00000162'),
('00000006', '00000163'),
('00000006', '00000164'),
('00000006', '00000165'),
('00000006', '00000166'),
('00000006', '00000167'),
('00000006', '00000168'),
('00000006', '00000169'),
('00000006', '00000170'),
('00000006', '00000171'),
('00000006', '00000172'),
('00000006', '00000173'),
('00000006', '00000174'),
('00000006', '00000175'),
('00000006', '00000176'),
('00000006', '00000177'),
('00000006', '00000178'),
('00000006', '00000179'),
('00000006', '00000027'),
('00000006', '00000180'),
('00000006', '00000181'),
('00000006', '00000182'),
('00000007', '00000108'),
('00000007', '00000183'),
('00000007', '00000184'),
('00000007', '00000185'),
('00000007', '00000186'),
('00000007', '00000187'),
('00000007', '00000188'),
('00000007', '00000189');

-- --------------------------------------------------------

--
-- 資料表結構 `users`
--

CREATE TABLE `users` (
  `UserID` text NOT NULL,
  `Email` text NOT NULL,
  `Password` text NOT NULL,
  `FirstName` text CHARACTER SET utf8mb4 COLLATE utf8mb4_unicode_ci NOT NULL,
  `LastName` text CHARACTER SET utf8mb4 COLLATE utf8mb4_unicode_ci NOT NULL,
  `Job` int(1) NOT NULL
) ENGINE=InnoDB DEFAULT CHARSET=utf8mb4 COLLATE=utf8mb4_general_ci;

--
-- 傾印資料表的資料 `users`
--

INSERT INTO `users` (`UserID`, `Email`, `Password`, `FirstName`, `LastName`, `Job`) VALUES
('10000000', 'teacher', '1234', '1', '234', 1),
('00000000', 'student', '1234', '1', '234', 0),
('00000001', '1', '1', '1', '1', 0),
('10000001', '2', '2', '2', '2', 1),
('10000002', 'LinWJ@nfu.edu.tw', '1234', 'Lin', 'WJ', 1),
('00000002', '40843121@nfu.edu.tw', 'Ss123', '衣', '庭磊', 0),
('00000003', '40843122@nfu.edu.tw', 'Ss123', '林', '書涵', 0),
('00000004', '40843123@nfu.edu.tw', 'Ss123', '張', '家豪', 0),
('00000005', '40843124@nfu.edu.tw', 'Ss123', '吳', '佩珊', 0),
('00000006', '40843125@nfu.edu.tw', 'Ss123', '黃', '柏宇', 0),
('00000007', '40843126@nfu.edu.tw', 'Ss123', '劉', '育瑄', 0),
('00000008', '40843127@nfu.edu.tw', 'Ss123', '蔡', '承翰', 0),
('00000009', '40843128@nfu.edu.tw', 'Ss123', '許', '家妤', 0),
('00000010', '40843129@nfu.edu.tw', 'Ss123', '郭', '俊維', 0),
('00000011', '40843130@nfu.edu.tw', 'Ss123', '曾', '昱婷', 0),
('00000012', '40843131@nfu.edu.tw', 'Ss123', '鄭', '皓元', 0),
('00000013', '40843132@nfu.edu.tw', 'Ss123', '邱', '子瑜', 0),
('00000014', '40843133@nfu.edu.tw', 'Ss123', '洪', '庭萱', 0),
('00000015', '40843134@nfu.edu.tw', 'Ss123', '吳', '俊霖', 0),
('00000016', '40843135@nfu.edu.tw', 'Ss123', '蔡', '宜芳', 0),
('00000017', '40843136@nfu.edu.tw', 'Ss123', '賴', '柏勳', 0),
('00000018', '40843137@nfu.edu.tw', 'Ss123', '曾', '郁婷', 0),
('00000019', '40843138@nfu.edu.tw', 'Ss123', '徐', '子翔', 0),
('00000020', '40843139@nfu.edu.tw', 'Ss123', '許', '雅筑', 0),
('00000021', '40843140@nfu.edu.tw', 'Ss123', '李', '承哲', 0),
('00000022', '40843141@nfu.edu.tw', 'Ss123', '黃', '品蓁', 0),
('00000023', '40843142@nfu.edu.tw', 'Ss123', '邱', '柏豪', 0),
('00000024', '40843143@nfu.edu.tw', 'Ss123', '張', '郁柔', 0),
('00000025', '40843144@nfu.edu.tw', 'Ss123', '劉', '彥廷', 0),
('00000026', '40843145@nfu.edu.tw', 'Ss123', '陳', '妍希', 0),
('00000027', '40843146@nfu.edu.tw', 'Ss123', '林', '昱廷', 0),
('00000028', '40843147@nfu.edu.tw', 'Ss123', '吳', '佳瑩', 0),
('00000029', '40843148@nfu.edu.tw', 'Ss123', '王', '宥翔', 0),
('00000030', '40843149@nfu.edu.tw', 'Ss123', '鄭', '雅涵', 0),
('00000031', '40843150@nfu.edu.tw', 'Ss123', '曾', '品妤', 0),
('00000032', '40843151@nfu.edu.tw', 'Ss123', '賴', '俊傑', 0),
('00000033', '40843152@nfu.edu.tw', 'Ss123', '許', '怡君', 0),
('00000034', '40843153@nfu.edu.tw', 'Ss123', '李', '承恩', 0),
('00000035', '40843154@nfu.edu.tw', 'Ss123', '張', '恩綺', 0),
('00000036', '40843155@nfu.edu.tw', 'Ss123', '劉', '庭萱', 0),
('00000037', '40843156@nfu.edu.tw', 'Ss123', '洪', '柏翰', 0),
('00000038', '40843157@nfu.edu.tw', 'Ss123', '黃', '郁庭', 0),
('00000039', '40843158@nfu.edu.tw', 'Ss123', '邱', '昱蓉', 0),
('00000040', '40843159@nfu.edu.tw', 'Ss123', '吳', '承宇', 0),
('00000041', '40843160@nfu.edu.tw', 'Ss123', '林', '佳蓉', 0),
('00000042', '40843161@nfu.edu.tw', 'Ss123', '陳', '冠廷', 0),
('00000043', '40843162@nfu.edu.tw', 'Ss123', '許', '婉婷', 0),
('00000044', '40843163@nfu.edu.tw', 'Ss123', '曾', '子晴', 0),
('00000045', '40843164@nfu.edu.tw', 'Ss123', '王', '柏儒', 0),
('00000046', '40843165@nfu.edu.tw', 'Ss123', '李', '庭瑜', 0),
('00000047', '41043218@nfu.edu.tw', 'Ss123', '陳', '荔群', 0),
('00000048', '41043232@nfu.edu.tw', 'Ss123', '廖', '浚宏', 0),
('00000049', '40743207@nfu.edu.tw', 'Ss123', '王', '立權', 0),
('00000050', '40843109@nfu.edu.tw', 'Ss123', '林', '正晟', 0),
('00000051', '40843240@nfu.edu.tw', 'Ss123', '張', '繼允', 0),
('00000052', '41043114@nfu.edu.tw', 'Ss123', '吳', '俊憲', 0),
('00000053', '41043116@nfu.edu.tw', 'Ss123', '吳', '枰樟', 0),
('00000054', '41043117@nfu.edu.tw', 'Ss123', '吳', '瑋修', 0),
('00000055', '41043118@nfu.edu.tw', 'Ss123', '呂', '昱諦', 0),
('00000056', '41043122@nfu.edu.tw', 'Ss123', '林', '弘昱', 0),
('00000057', '41043129@nfu.edu.tw', 'Ss123', '林', '傳勝', 0),
('00000058', '41043133@nfu.edu.tw', 'Ss123', '邱', '立翰', 0),
('00000059', '41043134@nfu.edu.tw', 'Ss123', '邱', '昱荏', 0),
('00000060', '41043141@nfu.edu.tw', 'Ss123', '徐', '睿澤', 0),
('00000061', '41043203@nfu.edu.tw', 'Ss123', '廖', '蓉棋', 0),
('00000062', '41043207@nfu.edu.tw', 'Ss123', '陳', '昀嶢', 0),
('00000063', '41043209@nfu.edu.tw', 'Ss123', '陳', '冠宏', 0),
('00000064', '41043220@nfu.edu.tw', 'Ss123', '曾', '聖傑', 0),
('00000065', '41043229@nfu.edu.tw', 'Ss123', '楊', '峻朋', 0),
('00000066', '41043237@nfu.edu.tw', 'Ss123', '劉', '祐睿', 0),
('00000067', '41043238@nfu.edu.tw', 'Ss123', '劉', '章佑', 0),
('00000068', '41043239@nfu.edu.tw', 'Ss123', '蔡', '今瑞', 0),
('00000069', '41043241@nfu.edu.tw', 'Ss123', '鄭', '丞皓', 0),
('00000070', '41043243@nfu.edu.tw', 'Ss123', '鄭', '朝棟', 0),
('00000071', '41043245@nfu.edu.tw', 'Ss123', '賴', '則仁', 0),
('00000072', '41043246@nfu.edu.tw', 'Ss123', '賴', '昱銘', 0),
('00000073', '41043247@nfu.edu.tw', 'Ss123', '薛', '椿儒', 0),
('00000074', '41043251@nfu.edu.tw', 'Ss123', '顏', '嘉福', 0),
('00000075', '41043254@nfu.edu.tw', 'Ss123', '羅', '國書', 0),
('00000076', '40840149@nfu.edu.tw', 'Ss123', '曹', '盛智', 0),
('00000077', '40943162@nfu.edu.tw', 'Ss123', '陳', '囿瑄', 0),
('00000078', '41043136@nfu.edu.tw', 'Ss123', '俞', '漢威', 0),
('00000079', '41043145@nfu.edu.tw', 'Ss123', '張', '宇成', 0),
('00000080', '41043152@nfu.edu.tw', 'Ss123', '許', '書和', 0),
('00000081', '41243213@nfu.edu.tw', 'Ss123', '王', '維德', 0),
('00000082', '40643149@nfu.edu.tw', 'Ss123', '雷', '務馨', 0),
('00000083', '40843226@nfu.edu.tw', 'Ss123', '柯', '致㨗', 0),
('00000084', '40943212@nfu.edu.tw', 'Ss123', '陳', '廷威', 0),
('00000085', '40943267@nfu.edu.tw', 'Ss123', '張', '敬典', 0),
('00000086', '41043208@nfu.edu.tw', 'Ss123', '陳', '易詮', 0),
('00000087', '41143125@nfu.edu.tw', 'Ss123', '邱', '品翰', 0),
('00000088', '41143201@nfu.edu.tw', 'Ss123', '吳', '佩儒', 0),
('00000089', '41243101@nfu.edu.tw', 'Ss123', '伍', '翊瑄', 0),
('00000090', '41243108@nfu.edu.tw', 'Ss123', '鄭', '又瑄', 0),
('00000091', '41243109@nfu.edu.tw', 'Ss123', '謝', '於潔', 0),
('00000092', '41243122@nfu.edu.tw', 'Ss123', '林', '建全', 0),
('00000093', '41243124@nfu.edu.tw', 'Ss123', '林', '聖紘', 0),
('00000094', '41243128@nfu.edu.tw', 'Ss123', '徐', '聖硯', 0),
('00000095', '41243129@nfu.edu.tw', 'Ss123', '張', '帟淇', 0),
('00000096', '41243130@nfu.edu.tw', 'Ss123', '張', '凱茗', 0),
('00000097', '41243133@nfu.edu.tw', 'Ss123', '郭', '至峻', 0),
('00000098', '41243142@nfu.edu.tw', 'Ss123', '彭', '偉倫', 0),
('00000099', '41243143@nfu.edu.tw', 'Ss123', '曾', '兆銘', 0),
('00000100', '41243144@nfu.edu.tw', 'Ss123', '温', '博鈞', 0),
('00000101', '41243145@nfu.edu.tw', 'Ss123', '黃', '培峰', 0),
('00000102', '41243146@nfu.edu.tw', 'Ss123', '黃', '境安', 0),
('00000103', '41243149@nfu.edu.tw', 'Ss123', '廖', '章竹', 0),
('00000104', '41243150@nfu.edu.tw', 'Ss123', '劉', '力行', 0),
('00000105', '41243151@nfu.edu.tw', 'Ss123', '劉', '向榮', 0),
('00000106', '41243152@nfu.edu.tw', 'Ss123', '劉', '康申', 0),
('00000107', '41243153@nfu.edu.tw', 'Ss123', '蔡', '承廷', 0),
('00000108', '41243154@nfu.edu.tw', 'Ss123', '蔡', '品辰', 0),
('00000109', '41243155@nfu.edu.tw', 'Ss123', '鄭', '師墉', 0),
('00000110', '41243156@nfu.edu.tw', 'Ss123', '謝', '宏喆', 0),
('00000111', '41243163@nfu.edu.tw', 'Ss123', '陳', '楷翔', 0),
('00000112', '41243201@nfu.edu.tw', 'Ss123', '吳', '佳璇', 0),
('00000113', '41243202@nfu.edu.tw', 'Ss123', '林', '沛慧', 0),
('00000114', '41243203@nfu.edu.tw', 'Ss123', '林', '映辰', 0),
('00000115', '41243204@nfu.edu.tw', 'Ss123', '張', '品薰', 0),
('00000116', '41243205@nfu.edu.tw', 'Ss123', '黃', '詩方', 0),
('00000117', '41243208@nfu.edu.tw', 'Ss123', '蕭', '昱糖', 0),
('00000118', '41243210@nfu.edu.tw', 'Ss123', '王', '宜平', 0),
('00000119', '41243211@nfu.edu.tw', 'Ss123', '王', '翔禹', 0),
('00000120', '41243216@nfu.edu.tw', 'Ss123', '李', '宗燁', 0),
('00000121', '41243217@nfu.edu.tw', 'Ss123', '杜', '長勳', 0),
('00000122', '41243218@nfu.edu.tw', 'Ss123', '林', '承志', 0),
('00000123', '41243219@nfu.edu.tw', 'Ss123', '林', '厚丞', 0),
('00000124', '41243221@nfu.edu.tw', 'Ss123', '林', '榆傑', 0),
('00000125', '41243222@nfu.edu.tw', 'Ss123', '林', '諺晟', 0),
('00000126', '41243224@nfu.edu.tw', 'Ss123', '范', '鼎新', 0),
('00000127', '41243225@nfu.edu.tw', 'Ss123', '徐', '祥恩', 0),
('00000128', '41243226@nfu.edu.tw', 'Ss123', '張', '立名', 0),
('00000129', '41243227@nfu.edu.tw', 'Ss123', '張', '志華', 0),
('00000130', '41243231@nfu.edu.tw', 'Ss123', '許', '舜曄', 0),
('00000131', '41243232@nfu.edu.tw', 'Ss123', '郭', '廷威', 0),
('00000132', '41243233@nfu.edu.tw', 'Ss123', '郭', '思翰', 0),
('00000133', '41243235@nfu.edu.tw', 'Ss123', '陳', '佳源', 0),
('00000134', '41243236@nfu.edu.tw', 'Ss123', '陳', '柏丞', 0),
('00000135', '41243237@nfu.edu.tw', 'Ss123', '陳', '柏勳', 0),
('00000136', '41243240@nfu.edu.tw', 'Ss123', '傅', '學呈', 0),
('00000137', '41243243@nfu.edu.tw', 'Ss123', '黃', '安可', 0),
('00000138', '41243244@nfu.edu.tw', 'Ss123', '黃', '順駿', 0),
('00000139', '41243245@nfu.edu.tw', 'Ss123', '楊', '承穎', 0),
('00000140', '41243249@nfu.edu.tw', 'Ss123', '劉', '仲恩', 0),
('00000141', '41243250@nfu.edu.tw', 'Ss123', '劉', '宗修', 0),
('00000142', '41243251@nfu.edu.tw', 'Ss123', '潘', '彥愷', 0),
('00000143', '41243252@nfu.edu.tw', 'Ss123', '蔡', '承叡', 0),
('00000144', '41243253@nfu.edu.tw', 'Ss123', '蔡', '政傑', 0),
('00000145', '41243254@nfu.edu.tw', 'Ss123', '蕭', '楷翰', 0),
('00000146', '41243256@nfu.edu.tw', 'Ss123', '藍', '憲廷', 0),
('00000147', '50915128@nfu.edu.tw', 'Ss123', '林', '美呈', 0),
('00000148', '41043244@nfu.edu.tw', 'Ss123', '賴', '明賢', 0),
('00000149', '41243111@nfu.edu.tw', 'Ss123', '王', '家偉', 0),
('00000150', '41143112@nfu.edu.tw', 'Ss123', '吳', '俊彥', 0),
('00000151', '40939226@nfu.edu.tw', 'Ss123', '黃', '昱翔', 0),
('00000152', '40943122@nfu.edu.tw', 'Ss123', '李', '邦任', 0),
('00000153', '41136110@nfu.edu.tw', 'Ss123', '林', '冠佑', 0),
('00000154', '41143110@nfu.edu.tw', 'Ss123', '何', '柏鋒', 0),
('00000155', '41143118@nfu.edu.tw', 'Ss123', '周', '訓麒', 0),
('00000156', '41143144@nfu.edu.tw', 'Ss123', '黃', '楷華', 0),
('00000157', '41143145@nfu.edu.tw', 'Ss123', '楊', '柏文', 0),
('00000158', '41143251@nfu.edu.tw', 'Ss123', '蔡', '沅杰', 0),
('00000159', '41143254@nfu.edu.tw', 'Ss123', '鄭', '名男', 0),
('00000160', '40943127@nfu.edu.tw', 'Ss123', '李', '庠宇', 0),
('00000161', '40943132@nfu.edu.tw', 'Ss123', '周', '帥', 0),
('00000162', '40943257@nfu.edu.tw', 'Ss123', '蘇', '偉勝', 0),
('00000163', '40943260@nfu.edu.tw', 'Ss123', '張', '覲顯', 0),
('00000164', '41136111@nfu.edu.tw', 'Ss123', '林', '國善', 0),
('00000165', '41143116@nfu.edu.tw', 'Ss123', '沈', '振碩', 0),
('00000166', '41143122@nfu.edu.tw', 'Ss123', '林', '柏儒', 0),
('00000167', '41143124@nfu.edu.tw', 'Ss123', '林', '語駿', 0),
('00000168', '41143146@nfu.edu.tw', 'Ss123', '楊', '道恩', 0),
('00000169', '41143151@nfu.edu.tw', 'Ss123', '蔡', '仲威', 0),
('00000170', '41143209@nfu.edu.tw', 'Ss123', '王', '忠仁', 0),
('00000171', '41143213@nfu.edu.tw', 'Ss123', '吳', '哲瑋', 0),
('00000172', '41143219@nfu.edu.tw', 'Ss123', '周', '偉宸', 0),
('00000173', '41143238@nfu.edu.tw', 'Ss123', '陳', '峻宇', 0),
('00000174', '41143241@nfu.edu.tw', 'Ss123', '黃', '子峻', 0),
('00000175', '41143248@nfu.edu.tw', 'Ss123', '劉', '向宏', 0),
('00000176', '41143249@nfu.edu.tw', 'Ss123', '劉', '幸恩', 0),
('00000177', '41143255@nfu.edu.tw', 'Ss123', '鄭', '峻和', 0),
('00000178', '41143263@nfu.edu.tw', 'Ss123', '黃', '柏菻', 0),
('00000179', '41143264@nfu.edu.tw', 'Ss123', '楊', '育哲', 0),
('00000180', '40925108@nfu.edu.tw', 'Ss123', '石', '皓文', 0),
('00000181', '40947226@nfu.edu.tw', 'Ss123', '楊', '其軒', 0),
('00000182', '40971122@nfu.edu.tw', 'Ss123', '李', '承祐', 0),
('00000183', 'a2004jerry@gmail.com', 'Ss123', '王', '翔禹', 0),
('00000184', 'wwu22612@gmail.com', '126180807', '張', '楷昊', 0),
('00000185', 'tad960526@gmail.com', 'Ren94799', '張', '嘉仁', 0),
('00000186', 'bonny.fy@gmail.com', 'tomomo100', '陳', '邦譽', 0),
('00000187', 'connor12345960515@gmail.com', 'connor960515', '孫', '益康', 0),
('00000188', 'test@nfu.edu.tw', '1234', '鄭', '師墉', 0),
('00000189', '123456789987654321gga@gmail.com', 'a5522678', '張', '鈞閔', 0);

-- --------------------------------------------------------

--
-- 資料表結構 `waitjoinclass`
--

CREATE TABLE `waitjoinclass` (
  `StudentID` text NOT NULL,
  `TeacherID` text NOT NULL,
  `ClassID` text NOT NULL
) ENGINE=InnoDB DEFAULT CHARSET=utf8mb4 COLLATE=utf8mb4_general_ci;

--
-- 傾印資料表的資料 `waitjoinclass`
--

INSERT INTO `waitjoinclass` (`StudentID`, `TeacherID`, `ClassID`) VALUES
('00000000', '10000000', '00000000');
COMMIT;

/*!40101 SET CHARACTER_SET_CLIENT=@OLD_CHARACTER_SET_CLIENT */;
/*!40101 SET CHARACTER_SET_RESULTS=@OLD_CHARACTER_SET_RESULTS */;
/*!40101 SET COLLATION_CONNECTION=@OLD_COLLATION_CONNECTION */;
